table_schema,table_name,total_size
maternal_cohort,pmtct_maternal_cohort,0 bytes
expanded_radet,cte_previous_previous,126 MB
expanded_radet,cte_current_vl_result,116 MB
expanded_radet,cte_pharmacy_details_regimen,206 MB
pmtct_hts,hts_client,272 kB
pmtct_hts,pmtct_hts,0 bytes
public,period,48 kB
pmtct_hts,result,2520 kB
expanded_radet,cte_naive_vl_data,25 MB
expanded_radet,cte_current_clinical,162 MB
pmtct_hts,pmtct_hts_joined,48 kB
public,custom_time_partitions,24 kB
public,table_privs,0 bytes
public,part_config,24 kB
public,part_config_sub,16 kB
expanded_radet,cte_patient_lga,2456 kB
maternal_cohort,hiv_observation,1059 MB
public,ods_laboratory_sample_7,48 MB
expanded_radet,obt_radet,1301 MB
maternal_cohort,hiv_art_clinical,113 MB
expanded_radet,expanded_radet_weekly_2024w23,720 MB
expanded_hts_prep,expanded_prep_weekly,0 bytes
public,ods_covid_encounter,8192 bytes
expanded_radet,cte_client_verification,72 MB
expanded_radet,cte_cervical_cancer,26 MB
expanded_radet,cte_current_tb_result,3192 kB
public,central_data_element_hts,56 kB
public,central_category_option_combo_hts,264 kB
expanded_hts_prep,central_category_option_combo_hts_weekly,264 kB
expanded_hts_prep,central_data_element_hts_weekly,56 kB
expanded_radet,sub_cte_ipt_s,69 MB
expanded_radet,cte_sub2_naive_vl_data,78 MB
expanded_radet,cte_sample_collection_date,73 MB
public,sub_cte_tbstatus_tbscreening_hac,163 MB
public,ods_laboratory_test,0 bytes
expanded_radet,cte_tb_sample_collection,3232 kB
public,ods_laboratory_test_2,259 MB
expanded_radet,sub_cte_ipt_c,100 MB
expanded_radet,expanded_radet_weekly_2024w25,711 MB
public,unique_patient_uuid,121 MB
public,sub_cte_ipt_c_cs,4776 kB
public,obt_radet,1248 MB
expanded_radet,cte_labcd4,38 MB
expanded_radet,cte_sub_triage_current_clinical,193 MB
public,modality_selection_method,48 kB
public,ods_laboratory_test_3,5960 kB
public,ods_laboratory_test_4,166 MB
public,ods_base_application_user_role,0 bytes
public,ods_patient_check_post_service,8192 bytes
public,ods_patient_visit,10 GB
expanded_radet,cte_tblam,768 kB
expanded_radet,cte_tbtreatment,144 kB
public,ods_sync_config_table,8192 bytes
pharmacy,cte_ods_hiv_regimen_type,872 kB
public,ods_laboratory_test_10,101 MB
public,ods_laboratory_test_12,43 MB
expanded_radet,cte_eac,2600 kB
expanded_radet,cte_tbstatus_tbscreening_cs,116 MB
public,ods_hiv_art_pharmacy_10,709 MB
public,sub_cte_ipt_c,26 MB
pharmacy,cte_ods_hiv_regimen,10008 kB
public,ods_laboratory_test_13,75 MB
public,ods_hiv_status_tracker_5,949 MB
public,latest_enrollment,125 MB
pharmacy,cte_ods_patient_person,572 MB
public,ods_laboratory_test_14,49 MB
public,ods_laboratory_test_15,38 MB
expanded_radet,cte_carecardcd4,22 MB
pharmacy,cte_ods_dsd_devolvement,69 MB
public,ods_hiv_enrollment_5,71 MB
public,ods_hiv_enrollment_6,74 MB
public,ods_laboratory_test_16,92 MB
public,hiv_art_pharmacy,158 MB
public,ods_laboratory_test_22,352 MB
public,ods_hiv_enrollment_16,73 MB
public,ods_hiv_enrollment_14,61 MB
public,ods_hiv_enrollment_17,95 MB
expanded_radet,cte_tbstatus_tbscreening_hac,164 MB
public,ods_hiv_status_tracker_15,369 MB
public,ods_hiv_status_tracker_11,177 MB
public,ods_hiv_status_tracker_16,328 MB
public,ods_hiv_status_tracker_17,522 MB
expanded_radet,cte_sub_naive_vl_data,59 MB
public,ods_hiv_art_pharmacy_4,336 MB
public,ods_hiv_status_tracker_20,80 MB
public,ods_hiv_art_pharmacy_5,257 MB
public,ods_hiv_art_pharmacy_6,141 MB
public,ods_hiv_art_pharmacy_8,990 MB
public,ods_laboratory_test_23,87 MB
public,ods_hiv_art_pharmacy_9,610 MB
public,ods_hiv_art_pharmacy_13,335 MB
expanded_radet,cte_previous,128 MB
pharmacy,cte_pharmacy_query,272 MB
public,ods_hiv_art_pharmacy_15,210 MB
public,ods_hiv_art_pharmacy_regimens_4,112 MB
public,sub_cte_ipt_s,69 MB
expanded_radet,cte_current_status,130 MB
public,ods_laboratory_test_24,73 MB
public,ods_laboratory_test_28,62 MB
public,ods_hiv_art_pharmacy_20,325 MB
expanded_radet,expanded_radet_weekly_2024w26,713 MB
public,ods_laboratory_test_29,39 MB
public,ods_laboratory_test_31,18 MB
public,ods_laboratory_test_32,192 MB
public,ods_hiv_art_pharmacy_23,870 MB
public,ods_hiv_art_pharmacy_regimens_23,144 MB
public,hap_exception_checks,48 kB
expanded_radet,aggregate_flatfile_weekly,362 MB
expanded_radet,cte_bio_data,288 MB
expanded_hts_prep,expanded_hts_joined,1037 MB
hts_prep_datamart,period,48 kB
expanded_radet,period,64 kB
public,ods_laboratory_test_33,29 MB
expanded_radet,expanded_radet_weekly_2024w19,686 MB
public,ods_laboratory_test_34,18 MB
public,ods_laboratory_test_35,34 MB
public,ods_laboratory_test_36,52 MB
public,ods_laboratory_test_37,82 MB
public,ods_laboratory_test_38,29 MB
public,ods_laboratory_test_39,227 MB
public,ods_laboratory_test_40,45 MB
public,ods_laboratory_test_43,93 MB
public,ods_hiv_art_pharmacy_regimens_25,198 MB
public,temp_ods_pmtct_infant_rapid_antibody,48 kB
public,ods_laboratory_test_44,18 MB
public,ods_laboratory_test_45,54 MB
expanded_radet,expanded_radet_weekly_2024w29,722 MB
public,ods_hiv_art_pharmacy_regimens_48,110 MB
public,ods_base_organisation_unit_60,20 MB
public,aggregate_flatfile_copy,21 MB
public,ods_laboratory_test_46,81 MB
public,ods_laboratory_test_47,20 MB
public,ods_laboratory_test_49,27 MB
public,ods_laboratory_test_50,33 MB
public,ods_laboratory_test_51,109 MB
public,ods_laboratory_test_52,89 MB
public,ods_laboratory_test_53,127 MB
expanded_hts_prep,expanded_hts_weekly_2024w26,1536 MB
public,ods_laboratory_test_54,85 MB
public,ods_hiv_art_pharmacy_24,328 MB
public,ods_hiv_art_pharmacy_25,818 MB
expanded_hts_prep,expanded_prep_weekly_2024w26,126 MB
public,ods_laboratory_test_55,154 MB
public,ods_hiv_art_pharmacy_26,776 MB
public,ods_hiv_art_clinical_3,39 MB
public,ods_hiv_art_clinical_5,136 MB
public,ods_hiv_art_clinical_6,1197 MB
public,ods_hiv_art_clinical_7,389 MB
public,ods_hiv_art_clinical_8,828 MB
public,ods_hiv_art_clinical_9,366 MB
public,ods_hiv_art_clinical_11,324 MB
expanded_hts_prep,expanded_prep_joined,106 MB
expanded_hts_prep,expanded_hts_weekly_2024w19,1345 MB
public,ods_hiv_art_clinical_12,297 MB
public,ods_hiv_art_clinical_15,153 MB
public,ods_hiv_art_clinical_16,377 MB
public,ods_hiv_art_pharmacy_27,713 MB
public,ods_hiv_art_pharmacy_28,824 MB
public,ods_hiv_art_pharmacy_29,223 MB
public,ods_hiv_art_clinical_17,404 MB
public,ods_hiv_art_clinical_18,424 MB
public,ods_hiv_art_clinical_19,493 MB
public,ods_hiv_art_clinical_20,223 MB
expanded_hts_prep,expanded_prep_weekly_2024w19,122 MB
public,ods_hiv_art_clinical_21,721 MB
public,ods_hiv_art_clinical_22,743 MB
public,ods_hiv_art_clinical_23,442 MB
public,ods_hiv_art_clinical_24,156 MB
public,ods_hiv_art_pharmacy_regimens_6,73 MB
public,ods_hiv_art_clinical_25,449 MB
public,ods_hiv_art_clinical_26,143 MB
public,ods_hiv_art_clinical_27,482 MB
public,ods_hiv_art_clinical_29,247 MB
public,ods_hiv_art_pharmacy_regimens_7,154 MB
public,ods_hiv_art_clinical_30,536 MB
public,ods_hiv_art_clinical_33,113 MB
public,ods_hiv_art_clinical_39,263 MB
public,ods_hiv_art_clinical_43,283 MB
public,ods_hiv_art_clinical_44,94 MB
public,ods_hiv_art_pharmacy_30,510 MB
public,ods_hiv_art_pharmacy_regimens_8,234 MB
public,ods_hiv_art_pharmacy_regimens_9,83 MB
public,ods_hiv_art_clinical_45,323 MB
public,ods_hiv_art_clinical_46,410 MB
public,ods_hiv_art_clinical_47,79 MB
public,ods_hiv_art_clinical_48,570 MB
public,ods_hiv_art_pharmacy_32,574 MB
public,ods_hiv_art_pharmacy_31,133 MB
public,ods_hiv_art_pharmacy_33,610 MB
expanded_hts_prep,expanded_hts_weekly_2024w24,1435 MB
public,ods_hiv_art_clinical_49,194 MB
public,ods_hiv_art_clinical_50,204 MB
expanded_radet,cte_biometric,134 MB
public,ods_hiv_art_pharmacy_regimens_10,146 MB
public,ods_hiv_art_clinical_51,296 MB
public,ods_hiv_art_clinical_52,446 MB
public,ods_hiv_art_pharmacy_34,266 MB
public,ods_hiv_art_pharmacy_35,647 MB
public,ods_hiv_art_clinical_53,475 MB
public,ods_hiv_art_clinical_54,421 MB
public,ods_hiv_art_pharmacy_regimens_11,187 MB
public,ods_hiv_art_pharmacy_regimens_12,76 MB
expanded_hts_prep,expanded_prep_weekly_2024w24,126 MB
public,ods_hiv_art_clinical_55,557 MB
public,ods_hiv_art_clinical_56,473 MB
public,ods_hiv_art_clinical_57,394 MB
public,ods_hiv_art_clinical_58,411 MB
public,ods_hiv_art_clinical_59,127 MB
public,ods_hiv_art_pharmacy_37,847 MB
public,ods_hiv_art_pharmacy_36,503 MB
public,ods_hiv_art_pharmacy_38,396 MB
public,ods_patient_person_3,16 MB
public,ods_patient_person_7,70 MB
public,ods_patient_person_11,152 MB
public,ods_patient_person_12,62 MB
public,ods_patient_person_13,84 MB
public,ods_hiv_art_pharmacy_39,444 MB
public,test_proc_table,40 kB
public,ods_patient_person_15,51 MB
expanded_hts_prep,period,56 kB
public,ods_hiv_art_pharmacy_regimens_16,123 MB
public,ods_patient_person_16,88 MB
public,ods_hiv_art_pharmacy_regimens_15,202 MB
public,ods_hiv_art_pharmacy_regimens_17,103 MB
public,ods_hiv_art_pharmacy_regimens_18,92 MB
expanded_hts_prep,expanded_hts_prep_monitoring,56 kB
public,ods_patient_person_17,109 MB
public,ods_patient_person_18,112 MB
public,ods_patient_person_19,83 MB
public,ods_patient_person_20,40 MB
public,ods_hiv_art_pharmacy_regimens_26,218 MB
public,ods_hiv_art_pharmacy_regimens_27,195 MB
public,ods_hiv_art_pharmacy_regimens_28,592 MB
expanded_hts_prep,expanded_hts_weekly,0 bytes
public,ods_patient_person_21,261 MB
public,ods_patient_person_26,78 MB
public,ods_patient_person_27,169 MB
public,ods_hiv_art_pharmacy_regimens_29,162 MB
public,ods_hiv_art_pharmacy_regimens_30,121 MB
public,ods_patient_person_28,106 MB
public,ods_patient_person_29,90 MB
public,ods_patient_person_31,51 MB
public,ods_hiv_art_pharmacy_regimens_32,236 MB
public,ods_hiv_art_pharmacy_regimens_33,40 MB
public,ods_patient_person_32,142 MB
public,ods_patient_person_33,23 MB
expanded_radet,expanded_radet_weekly_2024w21,717 MB
public,cte_dsd1,44 MB
public,ods_patient_person_34,36 MB
public,ods_hiv_art_pharmacy_regimens_37,252 MB
public,ods_hiv_art_pharmacy_regimens_38,108 MB
public,ods_triage_vital_sign_42,191 MB
public,ods_hiv_art_pharmacy_regimens_39,155 MB
public,ods_hiv_art_pharmacy_regimens_40,117 MB
public,ods_hiv_art_pharmacy_regimens_41,183 MB
public,ods_hiv_art_pharmacy_regimens_42,356 MB
public,ods_base_module,8192 bytes
public,ods_covid_question_answer,8192 bytes
public,ods_hiv_art_pharmacy_regimens_43,181 MB
public,ods_hiv_art_pharmacy_regimens_44,49 MB
public,ods_hiv_art_pharmacy_regimens_45,119 MB
public,ods_hiv_art_pharmacy_regimens_46,146 MB
public,ods_patient_person_36,130 MB
public,ods_patient_person_37,126 MB
public,ods_patient_person_38,61 MB
public,ods_patient_person_39,115 MB
public,ods_patient_person_42,105 MB
public,ods_patient_person_43,80 MB
public,ods_patient_person_44,16 MB
public,ods_patient_person_45,71 MB
public,ods_pmtct_delivery,272 kB
public,ods_pmtct_enrollment,992 kB
public,ods_pmtct_infant_arv,7648 kB
public,ods_pmtct_infant_information,144 kB
public,ods_pmtct_anc,33 MB
public,ods_pmtct_infant_mother_art,32 kB
public,ods_pmtct_infant_pcr,7992 kB
public,ods_patient_person_48,80 MB
public,ods_patient_person_49,54 MB
public,central_partner_mapping,160 kB
public,ods_etl_hiv_art_clinical_stage,8192 bytes
public,ods_prep_clinic,563 MB
public,ods_prep_eligibility,608 MB
expanded_radet,cte_current_regimen,8192 bytes
public,ods_patient_person_50,67 MB
public,ods_patient_person_51,136 MB
public,ods_patient_person_52,76 MB
public,ods_pmtct_infant_visit,64 kB
public,ods_mhpss_screening,16 kB
public,ods_hts_client,9398 MB
public,ods_pmtct_mother_visitation,200 kB
public,ods_patient_person_54,163 MB
public,ods_patient_person_55,143 MB
public,ods_etl_sequence,8192 bytes
public,report,64 kB
public,ods_patient_person_56,89 MB
public,ods_patient_person_57,129 MB
expanded_radet,cte_monitoring,0 bytes
public,ods_patient_person_22,180 MB
public,ods_patient_person_23,185 MB
public,ods_patient_person_59,65 MB
public,ods_patient_person_60,88 MB
public,ods_laboratory_sample_1,11 MB
expanded_radet,ods_hiv_status_tracker,8192 bytes
public,ods_laboratory_sample_3,4144 kB
public,ods_laboratory_sample_4,105 MB
public,ods_laboratory_sample_2,183 MB
public,ods_laboratory_sample_5,29 MB
public,temp_ods_prep_eligibility,112 kB
public,ods_laboratory_sample_10,73 MB
public,ods_laboratory_sample_11,85 MB
public,ods_laboratory_sample_8,130 MB
public,ods_laboratory_sample_9,80 MB
maternal_cohort,confirm,16 kB
public,ods_laboratory_sample_12,33 MB
public,ods_laboratory_sample_13,53 MB
public,ods_laboratory_sample_14,34 MB
maternal_cohort,second,16 kB
public,ods_laboratory_sample_15,25 MB
public,ods_triage_vital_sign_3,24 MB
public,ods_triage_vital_sign_4,216 MB
public,ods_triage_vital_sign_5,83 MB
public,ods_triage_vital_sign_6,599 MB
public,ods_triage_vital_sign_12,158 MB
public,ods_triage_vital_sign_13,183 MB
maternal_cohort,first,32 kB
expanded_radet,cte_sub_date_current_clinical,193 MB
expanded_hts_prep,expanded_hts_weekly_2024w22,1368 MB
expanded_hts_prep,expanded_prep_weekly_2024w22,124 MB
maternal_cohort,pmtct_mother_visitation,40 kB
public,ods_triage_vital_sign_14,115 MB
public,ods_dsd_devolvement,895 MB
pmtct_hts,pmtct_delivery,40 kB
public,ods_triage_vital_sign_29,143 MB
public,ods_triage_vital_sign_28,167 MB
public,ods_triage_vital_sign_30,328 MB
public,ods_triage_vital_sign_40,50 MB
public,cte_current_regimen,8192 bytes
public,ods_laboratory_test_9,129 MB
public,ods_laboratory_result_59,18 MB
maternal_cohort,pmtct_anc,5656 kB
public,ods_laboratory_result_57,150 MB
public,ods_laboratory_result_58,53 MB
pmtct_hts,pmtct_anc,6240 kB
public,ods_laboratory_test_30,159 MB
maternal_cohort,pmtct_delivery,144 kB
maternal_cohort,target_statuses,72 kB
public,ods_laboratory_test_17,230 MB
maternal_cohort,target_pharmacies,680 kB
public,ods_patient_person_40,56 MB
public,ods_patient_person_41,29 MB
public,ods_patient_person_46,170 MB
public,ods_patient_person_47,74 MB
public,ods_patient_person_53,132 MB
public,ods_hiv_art_pharmacy_regimens_47,125 MB
public,ods_hiv_art_pharmacy_regimens_49,114 MB
public,ods_laboratory_sample_6,63 MB
public,ods_laboratory_test_18,111 MB
public,ods_laboratory_test_19,95 MB
public,ods_laboratory_test_20,28 MB
public,ods_laboratory_test_41,20 MB
public,ods_laboratory_test_42,79 MB
public,ods_laboratory_test_56,84 MB
public,ods_laboratory_test_57,170 MB
public,ods_laboratory_test_58,76 MB
public,ods_laboratory_test_59,27 MB
public,ods_laboratory_test_60,40 MB
public,ods_base_organisation_unit_1,6680 kB
public,ods_base_organisation_unit_2,9312 kB
public,ods_base_organisation_unit_3,13 MB
public,ods_base_organisation_unit_4,13 MB
public,ods_base_organisation_unit_6,16 MB
public,ods_base_organisation_unit_7,11 MB
public,ods_base_organisation_unit_8,11 MB
public,temp_ods_pmtct_mother_visitation,16 kB
public,ods_base_organisation_unit_9,11 MB
public,ods_base_organisation_unit_10,18 MB
public,ods_base_organisation_unit_11,22 MB
public,ods_sync_facility_app_key,8192 bytes
public,ods_patient_person_8,225 MB
public,ods_base_organisation_unit_12,15 MB
public,ods_base_organisation_unit_13,8456 kB
public,ods_base_organisation_unit_15,25 MB
public,ods_base_organisation_unit_16,16 MB
public,ods_base_organisation_unit_17,13 MB
public,ods_base_organisation_unit_20,18 MB
public,ods_sync_config_module,8192 bytes
public,ods_hiv_status_tracker_13,1257 MB
public,ods_hiv_status_tracker_2,1010 MB
public,ods_hiv_art_pharmacy_11,561 MB
public,ods_hiv_art_pharmacy_14,512 MB
public,ods_hiv_status_tracker_6,243 MB
public,ods_hiv_status_tracker_7,637 MB
public,ods_hiv_enrollment_8,108 MB
public,ods_hiv_enrollment_7,84 MB
public,ods_hiv_enrollment_9,65 MB
public,ods_patient_person_9,95 MB
public,ods_patient_person_10,161 MB
public,ods_hiv_enrollment_10,108 MB
public,ods_hiv_enrollment_11,63 MB
public,ods_hiv_enrollment_18,82 MB
public,ods_hiv_enrollment_19,63 MB
public,ods_hiv_art_pharmacy_1,722 MB
public,ods_hiv_enrollment_20,36 MB
public,ods_hiv_status_tracker_9,899 MB
public,ods_hiv_status_tracker_10,1039 MB
public,ods_hiv_art_pharmacy_3,91 MB
public,ods_hiv_status_tracker_18,265 MB
public,ods_hiv_status_tracker_19,145 MB
public,ods_hiv_art_pharmacy_regimens_1,87 MB
public,ods_hiv_art_pharmacy_16,422 MB
public,ods_hiv_art_pharmacy_17,463 MB
public,ods_hiv_art_pharmacy_regimens_2,231 MB
public,ods_patient_person_30,259 MB
public,ods_hiv_art_pharmacy_regimens_3,75 MB
public,ods_hiv_art_pharmacy_7,260 MB
expanded_radet,central_data_element_weekly,56 kB
public,ods_hiv_art_pharmacy_18,623 MB
public,ods_hiv_art_pharmacy_19,446 MB
public,sti_screening,72 kB
expanded_radet,expanded_radet_weekly_2024w24,721 MB
public,ods_hiv_art_pharmacy_21,446 MB
public,ods_hiv_art_pharmacy_22,1122 MB
public,ods_hiv_art_pharmacy_regimens_13,251 MB
hts_prep_datamart,central_partner_mapping,120 kB
hts_prep_datamart,hts_process_log,320 kB
public,ods_hiv_art_pharmacy_regimens_35,114 MB
public,ods_hiv_art_pharmacy_regimens_36,216 MB
public,ods_hiv_art_pharmacy_regimens_50,81 MB
public,ods_laboratory_sample_16,66 MB
public,ods_laboratory_sample_17,148 MB
public,pp_exception_checks,48 kB
public,ods_laboratory_sample_18,80 MB
public,ods_laboratory_sample_19,62 MB
hts_prep_datamart,hts_client_duplication_logic,195 MB
public,ods_laboratory_sample_20,21 MB
public,ods_patient_person_35,136 MB
public,ods_laboratory_sample_21,149 MB
public,ods_laboratory_sample_22,217 MB
public,ods_hiv_art_pharmacy_regimens_24,140 MB
public,ods_remote_key,8192 bytes
public,ods_laboratory_sample_23,66 MB
public,ods_laboratory_sample_24,47 MB
public,ods_laboratory_sample_25,143 MB
public,ods_laboratory_sample_29,29 MB
public,ods_laboratory_sample_30,115 MB
public,ods_laboratory_sample_31,13 MB
public,ods_laboratory_sample_32,122 MB
public,ods_laboratory_sample_33,19 MB
public,ods_laboratory_sample_34,15 MB
public,ods_laboratory_sample_35,28 MB
public,ods_laboratory_sample_36,40 MB
public,ods_laboratory_sample_37,69 MB
public,ods_laboratory_sample_38,19 MB
public,ods_base_organisation_unit_58,14 MB
public,ods_base_organisation_unit_59,18 MB
public,ods_laboratory_sample_39,163 MB
public,ods_laboratory_sample_42,54 MB
public,ods_laboratory_sample_43,63 MB
public,ods_laboratory_sample_44,14 MB
public,ods_laboratory_sample_45,40 MB
public,ods_laboratory_sample_46,65 MB
public,ods_laboratory_sample_47,17 MB
public,ods_laboratory_sample_48,227 MB
public,ods_laboratory_sample_49,22 MB
public,ods_laboratory_sample_50,25 MB
public,ods_laboratory_sample_51,78 MB
public,ods_laboratory_sample_52,64 MB
public,ods_laboratory_result_1,10 MB
public,ods_laboratory_result_2,165 MB
public,ods_laboratory_result_3,4088 kB
public,ods_laboratory_result_5,30 MB
public,ods_laboratory_sample_55,91 MB
public,ods_laboratory_sample_56,59 MB
public,ods_laboratory_sample_57,109 MB
public,ods_laboratory_result_6,116 MB
public,ods_laboratory_result_7,53 MB
public,ods_laboratory_test_1,15 MB
public,ods_laboratory_result_8,172 MB
public,ods_laboratory_result_10,71 MB
public,ods_laboratory_result_11,89 MB
public,ods_laboratory_result_12,33 MB
public,ods_laboratory_result_13,50 MB
public,ods_laboratory_result_15,29 MB
public,ods_laboratory_sample_58,53 MB
public,ods_laboratory_sample_59,19 MB
public,ods_laboratory_sample_60,30 MB
public,ods_laboratory_result_26,19 MB
public,ods_laboratory_result_27,100 MB
public,ods_laboratory_result_29,26 MB
public,ods_laboratory_result_30,120 MB
public,ods_laboratory_result_32,124 MB
public,ods_laboratory_test_5,41 MB
public,ods_laboratory_test_6,93 MB
public,ods_laboratory_test_7,77 MB
public,ods_patient_person,0 bytes
public,ods_laboratory_result_35,25 MB
public,ods_laboratory_result_36,34 MB
public,ods_laboratory_result_37,67 MB
public,ods_laboratory_result_40,33 MB
public,ods_hiv_art_pharmacy_regimens_5,196 MB
public,ods_laboratory_result_46,94 MB
public,ods_laboratory_result_47,15 MB
public,ods_laboratory_result_49,19 MB
public,ods_laboratory_test_8,221 MB
public,ods_laboratory_result_50,25 MB
public,ods_laboratory_result_52,72 MB
public,ods_laboratory_result_53,97 MB
public,ods_laboratory_result_54,61 MB
public,ods_laboratory_test_25,212 MB
public,ods_laboratory_test_26,25 MB
public,ods_laboratory_test_27,144 MB
public,ods_hiv_art_pharmacy_regimens_14,133 MB
public,ods_hiv_art_pharmacy_40,186 MB
public,ods_hiv_art_pharmacy_regimens_31,74 MB
public,ods_hiv_art_pharmacy_regimens_34,168 MB
public,ods_laboratory_test_48,81 MB
public,ods_base_organisation_unit_14,12 MB
public,ods_base_organisation_unit_18,17 MB
public,ods_triage_vital_sign_11,189 MB
public,ods_base_organisation_unit_23,17 MB
public,ods_prep_interruption,1768 kB
public,ods_base_application_codeset_48,16 MB
public,ods_hiv_art_clinical_4,402 MB
public,ods_hiv_art_clinical_10,433 MB
public,ods_laboratory_result_42,50 MB
public,ods_laboratory_result_48,72 MB
public,ods_laboratory_result_51,74 MB
public,ods_laboratory_result_55,72 MB
public,ods_laboratory_result_56,54 MB
public,ods_laboratory_result_60,41 MB
public,ods_triage_vital_sign_35,104 MB
public,ods_triage_vital_sign_41,44 MB
public,ods_triage_vital_sign_52,247 MB
public,ods_triage_vital_sign_58,213 MB
public,ods_patient_person_58,118 MB
public,ods_base_application_codeset_2,10072 kB
public,ods_base_application_codeset_8,12 MB
public,ods_base_application_codeset_19,18 MB
public,ods_base_application_codeset_25,17 MB
public,ods_triage_vital_sign_1,80 MB
public,ods_triage_vital_sign_2,323 MB
public,ods_triage_vital_sign_15,99 MB
public,ods_triage_vital_sign_16,203 MB
public,ods_triage_vital_sign_17,232 MB
public,ods_triage_vital_sign_18,265 MB
public,ods_triage_vital_sign_19,248 MB
public,ods_triage_vital_sign_20,128 MB
public,ods_triage_vital_sign_21,455 MB
public,ods_triage_vital_sign_22,417 MB
public,ods_triage_vital_sign_23,250 MB
public,ods_triage_vital_sign_24,91 MB
public,ods_triage_vital_sign_25,239 MB
public,ods_triage_vital_sign_26,81 MB
public,ods_triage_vital_sign_27,292 MB
public,ods_triage_vital_sign_31,54 MB
public,ods_triage_vital_sign_32,382 MB
public,ods_triage_vital_sign_33,70 MB
public,ods_triage_vital_sign_34,89 MB
public,ods_triage_vital_sign_36,169 MB
public,ods_triage_vital_sign_37,204 MB
public,ods_triage_vital_sign_38,78 MB
public,ods_triage_vital_sign_39,134 MB
public,ods_triage_vital_sign_43,191 MB
public,ods_triage_vital_sign_44,56 MB
public,ods_triage_vital_sign_45,199 MB
public,ods_triage_vital_sign_46,232 MB
public,ods_triage_vital_sign_48,369 MB
public,ods_triage_vital_sign_49,103 MB
public,ods_triage_vital_sign_50,100 MB
public,ods_hiv_art_clinical_1,148 MB
public,ods_hiv_art_clinical_2,544 MB
public,ods_triage_vital_sign_51,184 MB
public,ods_triage_vital_sign_54,233 MB
public,ods_triage_vital_sign_55,314 MB
public,ods_triage_vital_sign_56,231 MB
public,ods_triage_vital_sign_57,281 MB
public,ods_triage_vital_sign_59,68 MB
public,ods_triage_vital_sign_60,113 MB
public,ods_laboratory_test_11,128 MB
public,ods_hiv_art_clinical_13,336 MB
public,ods_hiv_art_clinical_14,201 MB
public,ods_hiv_art_clinical_31,99 MB
public,ods_hiv_art_clinical_32,565 MB
public,ods_hiv_art_clinical_35,168 MB
public,ods_hiv_art_clinical_36,245 MB
public,ods_hiv_art_clinical_37,345 MB
public,ods_hiv_art_clinical_38,137 MB
public,ods_hiv_art_clinical_41,67 MB
public,ods_base_organisation_unit_24,8712 kB
public,ods_base_organisation_unit_25,16 MB
public,ods_base_organisation_unit_29,15 MB
public,ods_base_organisation_unit_30,25 MB
public,ods_base_organisation_unit_31,13 MB
public,ods_hiv_art_clinical_42,329 MB
public,ods_base_organisation_unit_44,6488 kB
public,ods_base_organisation_unit_45,20 MB
public,ods_base_organisation_unit_46,20 MB
public,ods_across_locks,8192 bytes
public,ods_hiv_art_clinical_60,207 MB
public,ods_base_application_codeset_1,6816 kB
public,ods_base_application_codeset_3,12 MB
public,ods_base_application_codeset_4,12 MB
public,ods_base_application_codeset_5,13 MB
public,ods_base_application_codeset_6,14 MB
public,ods_base_application_codeset_7,12 MB
public,ods_base_application_codeset_9,11 MB
public,ods_base_application_codeset_10,20 MB
public,ods_base_application_codeset_11,19 MB
public,ods_base_application_codeset_12,17 MB
public,ods_base_application_codeset_13,7960 kB
public,ods_base_application_codeset_15,26 MB
public,ods_base_application_codeset_16,16 MB
public,ods_base_application_codeset_17,15 MB
public,ods_base_application_codeset_18,16 MB
public,ods_base_application_codeset_20,16 MB
public,ods_base_application_codeset_21,17 MB
public,ods_base_application_codeset_22,29 MB
public,ods_base_application_codeset_23,16 MB
public,ods_base_application_codeset_24,9144 kB
public,ods_base_application_codeset_26,15 MB
public,ods_base_application_codeset_27,27 MB
public,ods_base_application_codeset_28,17 MB
public,ods_base_application_codeset_29,14 MB
public,ods_base_application_codeset_30,25 MB
public,ods_base_application_codeset_31,14 MB
public,ods_base_application_codeset_32,12 MB
public,ods_base_application_codeset_33,11 MB
public,ods_base_application_codeset_34,13 MB
public,ods_base_application_codeset_35,20 MB
public,ods_base_application_codeset_36,14 MB
public,ods_base_application_codeset_37,19 MB
public,ods_base_application_codeset_38,16 MB
public,ods_base_application_codeset_39,16 MB
public,ods_base_application_codeset_40,16 MB
public,ods_base_application_codeset_41,6064 kB
public,ods_base_application_codeset_42,15 MB
public,ods_base_application_codeset_43,15 MB
public,ods_base_application_codeset_49,14 MB
public,ods_base_application_codeset_50,18 MB
public,ods_base_application_codeset_51,26 MB
public,ods_base_application_codeset_52,16 MB
public,ods_base_application_codeset_53,20 MB
public,ods_base_application_codeset_54,21 MB
public,ods_base_application_codeset_55,18 MB
public,ods_base_application_codeset_56,9272 kB
public,ods_base_application_codeset_57,18 MB
public,ods_base_application_codeset_58,14 MB
public,ods_base_application_codeset_59,19 MB
public,ods_base_application_codeset_60,21 MB
public,ods_hiv_status_tracker_14,206 MB
public,test_replication,8192 bytes
public,ods_quick_sync_history,8192 bytes
public,ods_report,8192 bytes
public,ods_sync_config,8192 bytes
public,ods_base_organisation_unit_39,15 MB
public,ods_base_organisation_unit_40,17 MB
expanded_hts_prep,expanded_hts_weekly_2024w20,16 kB
public,ods_laboratory_sample_26,19 MB
public,ods_laboratory_sample_27,104 MB
public,ods_laboratory_sample_28,46 MB
public,ods_base_organisation_unit_47,15 MB
public,ods_base_organisation_unit_48,17 MB
public,ods_base_organisation_unit_49,14 MB
public,ods_laboratory_sample_40,30 MB
public,ods_laboratory_sample_41,15 MB
expanded_hts_prep,expanded_prep_weekly_2024w20,123 MB
public,bkp_cte_naive_vl_data,32 MB
public,bkp_ods_hiv_regimen_resolver,56 kB
public,ods_base_organisation_unit_52,18 MB
public,ods_base_organisation_unit_53,21 MB
public,ods_laboratory_sample_53,80 MB
public,ods_laboratory_sample_54,64 MB
public,ods_laboratory_result_23,76 MB
public,ods_laboratory_result_24,37 MB
public,ods_laboratory_result_41,14 MB
public,ods_laboratory_result_43,67 MB
public,ods_laboratory_test_21,199 MB
public,ods_laboratory_result_44,22 MB
public,ods_hiv_ovc_linkage,8192 bytes
public,ods_base_organisation_unit_5,14 MB
public,ods_laboratory_result_20,30 MB
public,ods_laboratory_result_21,149 MB
public,ods_laboratory_result_22,228 MB
public,bkp_ods_base_application_codeset,53 MB
public,ods_laboratory_result_31,13 MB
public,ods_laboratory_result_33,30 MB
public,bkp_ods_base_organisation_unit,88 MB
public,ods_laboratory_result_34,13 MB
public,ods_base_organisation_unit_19,18 MB
public,ods_base_organisation_unit_21,18 MB
public,ods_base_organisation_unit_22,28 MB
public,ods_acrossmodules,8192 bytes
expanded_radet,central_category_option_combo_weekly,280 kB
public,ods_base_module_artifact,8192 bytes
public,ods_base_module_authorities,8192 bytes
public,ods_triage_vital_sign_7,214 MB
public,ods_triage_vital_sign_8,465 MB
public,ods_triage_vital_sign_9,237 MB
public,ods_base_module_dependencies,8192 bytes
public,ods_base_organisation_unit_hierarchy,0 bytes
public,ods_base_organisation_unit_identifier,24 kB
public,ods_base_role,8192 bytes
public,ods_base_role_menu,0 bytes
public,ods_triage_vital_sign_10,292 MB
public,ods_base_role_permission,0 bytes
public,ods_base_standard_codeset,8192 bytes
public,ods_base_standard_codeset_source,8192 bytes
public,ods_case_manager,2680 kB
public,ods_case_manager_patients,610 MB
public,ods_biometric_pims_config,0 bytes
public,ods_base_organisation_unit_26,16 MB
public,ods_biomettric_pims_tracker,0 bytes
public,ods_covid_codeset,8192 bytes
public,ods_covid_question_response,8192 bytes
public,ods_covid_vaccination,8192 bytes
public,ods_base_organisation_unit_27,30 MB
public,ods_covid_vaccination_dose,8192 bytes
public,ods_databasechangelog,8192 bytes
public,ods_databasechangeloglock,8192 bytes
public,ods_biometric,50 GB
public,ods_base_organisation_unit_28,16 MB
public,ods_etl_hiv_enrollment_stage,8192 bytes
public,ods_base_organisation_unit_32,10 MB
public,ods_base_organisation_unit_33,11 MB
public,ods_etl_hiv_observation,8192 bytes
public,ods_etl_patient_stage,8192 bytes
public,ods_etl_patient_visit_date_nulls,8192 bytes
public,ods_base_organisation_unit_34,13 MB
public,ods_base_organisation_unit_35,21 MB
public,ods_base_organisation_unit_36,14 MB
public,ods_base_organisation_unit_37,19 MB
public,ods_base_organisation_unit_38,17 MB
public,ods_etl_triage_vital_sign_stage,8192 bytes
public,temp_ods_case_manager_patients,64 kB
public,ods_hiv_regimen,43 MB
public,ods_hiv_patient_tracker,8192 bytes
public,ods_base_organisation_unit_41,6168 kB
public,ods_base_organisation_unit_42,18 MB
public,ods_base_organisation_unit_43,16 MB
public,ods_base_organisation_unit_50,16 MB
public,ods_base_organisation_unit_51,27 MB
public,ods_laboratory_order,1673 MB
public,ods_base_organisation_unit_54,23 MB
public,ods_base_organisation_unit_55,18 MB
public,ods_base_organisation_unit_56,12 MB
public,ods_base_organisation_unit_57,21 MB
public,ods_laboratory_result_4,114 MB
public,ods_lims_pcr_lab,8192 bytes
public,ods_lims_result,8192 bytes
public,ods_laboratory_result_9,76 MB
public,ods_triage_vital_sign_47,45 MB
public,ods_laboratory_result_14,34 MB
public,ods_patient_encounter,3172 MB
public,ods_lims_sample,8192 bytes
public,ods_monitoring,0 bytes
public,ods_ndr_messages,8192 bytes
public,ods_ndr_pusher,8192 bytes
public,ods_laboratory_result_16,61 MB
public,ods_laboratory_result_17,191 MB
public,ods_laboratory_result_18,69 MB
public,ods_ndr_pusher_config,8192 bytes
public,ods_ndr_xml_status,8192 bytes
public,ods_ndrdata,8192 bytes
public,ods_laboratory_result_19,62 MB
public,ods_triage_vital_sign_53,275 MB
public,ods_laboratory_result_25,170 MB
expanded_hts_prep,expanded_hts_weekly_2024w21,1350 MB
public,ods_remote_access_token,8192 bytes
public,ods_laboratory_result_28,46 MB
public,ods_laboratory_result_38,20 MB
public,ods_laboratory_result_45,45 MB
public,ods_base_application_codeset_standard_codeset,0 bytes
public,ods_sync_history,8192 bytes
public,ods_sync_history_tracker,0 bytes
public,ods_base_application_user,8192 bytes
public,ods_base_application_user_organisation_unit,8192 bytes
public,ods_base_authority,8192 bytes
public,ods_base_form,8192 bytes
public,ods_base_menu,8192 bytes
public,ods_base_menu_authorities,8192 bytes
public,ods_base_organisation_unit_level,8192 bytes
public,ods_base_permission,8192 bytes
public,ods_base_program,8192 bytes
expanded_hts_prep,expanded_prep_weekly_2024w21,123 MB
public,ods_hiv_art_clinical_28,315 MB
public,ods_hiv_enrollment_3,70 MB
public,ods_hiv_enrollment_4,43 MB
public,ods_base_web_module,8192 bytes
public,ods_base_web_module_authorities,8192 bytes
public,ods_biometric_device,8192 bytes
public,ods_covid_patient,8192 bytes
public,ods_hiv_status_tracker_1,724 MB
public,ods_hiv_art_clinical_34,154 MB
public,ods_hiv_art_clinical_40,111 MB
public,ods_hiv_status_tracker_4,155 MB
public,ods_covid_question,8192 bytes
public,ods_deduplication,0 bytes
public,ods_etl_patient_visit_stage,8192 bytes
public,ods_etl_patient_visit_stage_duplicate,8192 bytes
public,ods_patient_person_1,51 MB
public,ods_patient_person_2,121 MB
public,ods_hiv_drug,8192 bytes
public,ods_hiv_eac,127 MB
public,ods_hiv_eac_out_come,8192 bytes
public,ods_hiv_eac_session,128 MB
public,ods_hiv_regimen_drug,0 bytes
public,ods_base_application_codeset_44,6904 kB
public,ods_hiv_regimen_resolver,16 MB
public,ods_patient_person_24,34 MB
public,ods_patient_person_25,183 MB
public,ods_hiv_regimen_type,2792 kB
public,ods_laboratory_labtest,14 MB
public,ods_laboratory_labtestgroup,8192 bytes
public,ods_laboratory_number,8192 bytes
public,bkp_final_radet,68 MB
public,ods_hiv_status_tracker_8,505 MB
public,ods_hts_index_elicitation,35 MB
public,ods_hts_risk_stratification,2755 MB
public,ods_laboratory_sample_type,8192 bytes
public,ods_laboratory_sampletype_labtest_link,8192 bytes
public,ods_hiv_enrollment_15,72 MB
public,ods_hiv_enrollment_12,104 MB
public,ods_lims_config,8192 bytes
public,central_radet_tracker,312 kB
public,ods_hiv_status_tracker_12,992 MB
public,ods_lims_manifest,8192 bytes
public,ods_ndr_code_set,8192 bytes
public,ods_ndr_facility,8192 bytes
public,ods_ndr_message_log,8192 bytes
public,central_category_option_combo_backup,216 kB
public,ods_base_application_codeset_14,12 MB
public,ods_prep_enrollment,514 MB
public,ods_sync_queue,8192 bytes
public,ods_triage_post_service,8192 bytes
public,ods_triage_vital_sign_duplicates,8192 bytes
public,ods_hiv_enrollment_1,105 MB
public,ods_hiv_enrollment_2,121 MB
public,ods_patient_person_4,104 MB
public,ods_patient_person_5,85 MB
public,ods_patient_person_6,107 MB
public,ods_hiv_status_tracker_3,458 MB
public,ods_hiv_art_pharmacy_regimens_19,193 MB
public,ods_hiv_art_pharmacy_regimens_20,140 MB
public,ods_hiv_art_pharmacy_regimens_21,190 MB
public,ods_base_application_codeset_45,17 MB
public,ods_base_application_codeset_46,21 MB
public,ods_base_application_codeset_47,14 MB
public,ods_hiv_enrollment_13,71 MB
public,ods_hiv_art_pharmacy_2,595 MB
public,cte_monitoring,176 kB
public,ods_hiv_art_pharmacy_regimens_22,253 MB
public,ods_hiv_art_pharmacy_12,840 MB
public,ods_laboratory_result_39,169 MB
public,ods_base_organisation_unit,0 bytes
public,ods_laboratory_result,0 bytes
public,ods_hiv_art_pharmacy_regimens,0 bytes
public,ods_laboratory_sample,0 bytes
public,ods_patient_person_14,58 MB
public,ods_hiv_status_tracker,0 bytes
public,ods_hiv_art_pharmacy,0 bytes
public,ods_hiv_enrollment,0 bytes
public,ods_base_application_codeset,0 bytes
expanded_hts_prep,expanded_hts_weekly_2024w23,1423 MB
public,ods_hiv_art_clinical,0 bytes
expanded_radet,expanded_radet_weekly_2024w22,719 MB
expanded_hts_prep,expanded_prep_weekly_2024w23,126 MB
public,hiv_art_clinical,164 MB
public,ods_triage_vital_sign,0 bytes
expanded_radet,partner_attribute_combo,8192 bytes
expanded_radet,expanded_radet_weekly_2024w20,687 MB
public,partner_attribute_combo,48 kB
expanded_radet,expanded_radet_weekly,0 bytes
expanded_radet,partner_attribute_combo_weekly,48 kB
expanded_hts_prep,cte_prep_eli_test,11 MB
expanded_hts_prep,cte_prep_e_target,12 MB
public,first_biometric_combined,1341 MB
public,hiv_status_tracker,209 MB
public,triage_vital_sign,175 MB
public,biometric_report_with_desired_columns,3549 MB
expanded_hts_prep,cte_prep_base_eli_test,11 MB
expanded_hts_prep,cte_prep_penrol,275 MB
expanded_hts_prep,cte_prep_prepi,240 kB
expanded_hts_prep,cte_prep_baseline_bp,15 MB
expanded_hts_prep,expanded_hts_weekly_2024w25,1464 MB
expanded_hts_prep,cte_prep_baseline_urinalysis,20 MB
expanded_hts_prep,cte_prep_current_wbc,16 kB
expanded_hts_prep,cte_prep_current_alt,16 kB
public,temp_ods_prep_interruption,16 kB
expanded_hts_prep,cte_prep_current_hbpcv,16 kB
expanded_hts_prep,cte_prep_baseline_creatinine,4280 kB
public,temp_ods_case_manager,16 kB
expanded_hts_prep,cte_prep_prepc,29 MB
expanded_hts_prep,cte_prep_baseline_hbpcv,16 kB
public,bkpp_cte_cervical_cancer,16 MB
expanded_hts_prep,cte_prep_baseline_pc,96 MB
expanded_hts_prep,expanded_prep_weekly_2024w25,126 MB
expanded_hts_prep,cte_prep_current_pc,124 MB
expanded_hts_prep,cte_prep_bio,429 MB
expanded_hts_prep,cte_prep_baseline_alt,16 kB
expanded_hts_prep,cte_prep_baseline_wbc,16 kB
expanded_hts_prep,cte_prep_baseline_hbsag,16 kB
expanded_hts_prep,cte_prep_current_hbsag,16 kB
public,ods_hiv_observation,12 GB
public,temp_ods_hiv_art_clinical,1024 kB
public,temp_ods_hiv_art_pharmacy,1880 kB
hts_prep_datamart,hts_prep_monitoring,56 kB
public,centralpm110424,120 kB
public,temp_ods_hiv_eac_session,16 kB
public,temp_ods_hiv_eac,16 kB
mobile,cte_ods_hiv_regimen,96 kB
public,refined_final_radet,665 MB
pmtct_hts,central_data_element_pmtct,24 kB
expanded_radet,cte_cryptococal_antigen,848 kB
expanded_radet,cte_tbstatus,103 MB
public,temp_ods_triage_vital_sign,784 kB
public,temp_ods_biometric,4256 kB
public,temp_ods_hiv_art_pharmacy_regimens,256 kB
expanded_radet,cte_ipt,116 MB
expanded_radet,cte_ovc,113 MB
expanded_radet,sub_cte_ipt_c_cs,5496 kB
public,temp_ods_prep_enrollment,
expanded_radet,cte_case_manager,90 MB
expanded_radet,cte_dsd1,60 MB
expanded_radet,cte_dsd2,61 MB
expanded_radet,expanded_radet_monitoring,72 kB
maternal_cohort,cte_monitoring,8192 bytes
pmtct_hts,cte_monitoring,8192 bytes
public,temp_ods_hiv_regimen_type,16 kB
public,temp_ods_base_application_codeset,424 kB
public,temp_ods_hiv_regimen_resolver,16 kB
public,temp_ods_laboratory_order,144 kB
public,temp_ods_laboratory_labtest,16 kB
public,final_radet,0 bytes
maternal_cohort,deduplication,64 kB
public,temp_ods_prep_clinic,16 kB
public,aggregate_flatfile_copy230724,25 MB
public,ods_pmtct_infant_rapid_antibody,32 kB
public,temp_ods_pmtct_infant_visit,16 kB
maternal_cohort,result,2136 kB
public,temp_ods_pmtct_infant_mother_art,16 kB
public,temp_ods_hiv_regimen,64 kB
pmtct_hts,period,16 kB
public,bkp_cte_bio_data,32 MB
public,aggregate_flatfile,96 MB
public,temp_ods_hts_risk_stratification,128 kB
public,temp_ods_dsd_devolvement,264 kB
public,temp_ods_pmtct_infant_information,16 kB
public,temp_ods_hts_index_elicitation,48 kB
public,ods_prep_regimen,48 kB
public,temp_ods_laboratory_result,48 kB
public,temp_ods_pmtct_anc,56 kB
public,temp_ods_pmtct_delivery,16 kB
public,temp_ods_pmtct_enrollment,16 kB
public,central_data_element_090423_backup,40 kB
public,central_data_element,56 kB
public,central_category_option_combo,320 kB
hts_prep_datamart,final_prepquery_datamart,0 bytes
hts_prep_datamart,final_htsquery_datamart,0 bytes
public,temp_ods_base_organisation_unit,648 kB
public,temp_ods_hiv_status_tracker,48 kB
public,temp_ods_laboratory_sample,64 kB
public,final_radet_old,0 bytes
public,temp_ods_patient_encounter,176 kB
public,temp_ods_hiv_enrollment,912 kB
public,temp_ods_patient_person,1632 kB
public,temp_ods_laboratory_test,64 kB
public,temp_ods_hts_client,216 kB
public,temp_ods_patient_visit,640 kB
public,temp_ods_pmtct_infant_pcr,16 kB
public,temp_ods_pmtct_infant_arv,16 kB
public,temp_ods_hiv_observation,1728 kB
